Client_ID,Name,Date_Of_Birth,Contact_ID,Address
1,John Doe,1985-05-15,1,123 Main St
2,Jane Smith,1990-10-25,2,456 Oak Ave
3,Alice Johnson,1978-03-08,3,789 Elm St
4,Robert Williams,1995-12-20,4,101 Pine Ave
5,Sophia Garcia,1989-07-14,5,202 Maple St
6,William Brown,1970-09-30,6,303 Cedar Ave
7,Olivia Rodriguez,1982-11-18,7,404 Birch St
8,Liam Martinez,1998-02-27,8,505 Spruce Ave
9,Emma Lee,1975-06-10,9,606 Oakwood St
10,Noah Nguyen,2000-08-05,10,707 Cedar Ave
11,Ava Hernandez,1983-04-23,11,808 Pine St
12,Ethan King,1993-01-12,12,909 Elm Ave
13,Isabella Taylor,1968-12-03,13,1001 Oak St
14,Mason Moore,1972-10-17,14,1102 Maple Ave
15,Sophie Wilson,1996-06-25,15,1203 Birch St
16,Jacob White,1979-09-09,16,1304 Spruce Ave
17,Mia Anderson,2002-07-30,17,1405 Oakwood St
18,James Garcia,1987-05-22,18,1506 Cedar Ave
19,Charlotte Smith,1976-08-19,19,1607 Pine St
20,Benjamin Johnson,1991-11-28,20,1708 Elm Ave
21,Lucas Williams,1980-04-05,21,1809 Oak St
22,Amelia Brown,1997-01-20,22,1910 Maple Ave
23,Harper Rodriguez,1974-03-15,23,2011 Birch St
24,Mason Martinez,1969-12-10,24,2112 Spruce Ave
25,Michael Lee,1984-09-03,25,2213 Oakwood St
26,Evelyn Nguyen,1994-06-07,26,2314 Cedar Ave
27,Alexander Hernandez,1977-02-18,27,2415 Pine St
28,Avery King,2001-08-08,28,2516 Elm Ave
29,Luna Taylor,1971-10-27,29,2617 Oak St
30,Logan Moore,1988-07-24,30,2718 Maple Ave
31,Ellie Wilson,1999-05-18,31,2819 Birch St
32,Owen White,1973-11-30,32,2920 Spruce Ave
33,Riley Anderson,1992-04-16,33,3021 Oakwood St
34,Levi Garcia,1975-01-02,34,3122 Cedar Ave
35,Zoey Smith,1986-03-26,35,3223 Pine St
36,Lincoln Johnson,2003-09-09,36,3324 Elm Ave
37,Grace Williams,1978-12-05,37,3425 Oak St
38,Aubrey Brown,1967-07-31,38,3526 Maple Ave
39,Leo Rodriguez,1989-06-23,39,3627 Birch St
40,Lillian Martinez,1970-08-10,40,3728 Spruce Ave
41,Hudson Lee,1995-11-20,41,3829 Oakwood St
42,Nora Nguyen,1982-01-19,42,3930 Cedar Ave
43,Layla Hernandez,2000-04-14,43,4031 Pine St
44,Lucy King,1976-10-28,44,4132 Elm Ave
45,Eli Taylor,1991-07-07,45,4233 Oak St
46,Aaron Moore,1983-09-03,46,4334 Maple Ave
47,Victoria Wilson,1968-05-17,47,4435 Birch St
48,Caroline White,1993-02-05,48,4536 Spruce Ave
49,Gabriel Anderson,1979-12-11,49,4637 Oakwood St
50,Grayson Garcia,1998-06-25,50,4738 Cedar Ave
51,Stella Smith,1984-01-30,51,4839 Pine St
52,Parker Johnson,1972-04-02,52,4940 Elm Ave
53,Audrey Williams,1997-11-05,53,5041 Oak St
54,Sawyer Brown,1971-08-09,54,5142 Maple Ave
55,Eleanor Rodriguez,1985-07-03,55,5243 Birch St
56,Christian Martinez,1969-10-26,56,5344 Spruce Ave
57,Lucas Lee,1990-03-14,57,5445 Oakwood St
58,Ariana Nguyen,2002-05-09,58,5546 Cedar Ave
59,Liam Hernandez,1987-09-21,59,5647 Pine St
60,Mila King,1973-12-18,60,5748 Elm Ave
61,Chloe Taylor,1994-08-28,61,5849 Oak St
62,Isaac Moore,1966-02-22,62,5950 Maple Ave
63,Zoe Wilson,1980-06-12,63,6051 Birch St
64,Alyssa White,1999-10-10,64,6152 Spruce Ave
65,Leah Anderson,1977-03-27,65,6253 Oakwood St
66,Gabriella Garcia,1996-01-15,66,6354 Cedar Ave
67,Tristan Smith,1974-09-07,67,6455 Pine St
68,Adeline Johnson,1988-04-26,68,6556 Elm Ave
69,Nathan Williams,1975-11-04,69,6657 Oak St
70,Hannah Rodriguez,1991-08-16,70,6758 Birch St
71,Asher Martinez,1976-07-01,71,6859 Spruce Ave
72,Hailey Lee,1983-02-11,72,6960 Oakwood St
73,Isabelle Nguyen,1990-05-29,73,7061 Cedar Ave
74,Zander Hernandez,1968-12-08,74,7162 Pine St
75,Savannah King,1979-04-03,75,7263 Elm Ave
76,Kylie Taylor,1987-06-20,76,7364 Oak St
77,Eliana Moore,1995-09-24,77,7465 Maple Ave
78,Xavier Wilson,1967-01-06,78,7566 Birch St
79,Kayla White,1982-08-14,79,7667 Spruce Ave
80,Jax Anderson,1998-10-01,80,7768 Oakwood St
81,Delilah Garcia,1971-03-23,81,7869 Cedar Ave
82,Jonah Smith,1989-12-19,82,7970 Pine St
83,Emery Johnson,1966-07-16,83,8071 Elm Ave
84,Katherine Williams,1997-04-11,84,8172 Oak St
85,Cameron Rodriguez,1973-09-29,85,8273 Birch St
86,Autumn Martinez,1984-11-09,86,8374 Spruce Ave
87,Bailey Lee,2000-06-03,87,8475 Oakwood St
88,Israel Nguyen,1978-05-12,88,8576 Cedar Ave
89,Lincoln Hernandez,1992-02-09,89,8677 Pine St
90,Kate King,1970-10-07,90,8778 Elm Ave
91,Naomi Taylor,1985-08-26,91,8879 Oak St
92,Peyton Moore,1993-01-01,92,8980 Maple Ave
93,Serenity Wilson,1976-04-05,93,9081 Birch St
94,Ezra White,1991-07-18,94,9182 Spruce Ave
95,Joseph Anderson,1980-06-05,95,9283 Oakwood St
96,Arianna Garcia,1999-10-04,96,9384 Cedar Ave
97,Piper Smith,1974-12-22,97,9485 Pine St
98,Kaden Johnson,1987-03-19,98,9586 Elm Ave
99,Mya Williams,1996-05-28,99,9687 Oak St
100,Austin Rodriguez,1972-08-11,100,9788 Birch St
