Contact_ID,Phone,Email
1,123-456-7890,johndoe@example.com
2,987-654-3210,janesmith@example.com
3,111-222-3333,alicejohnson@example.com
4,444-555-6666,robertwilliams@example.com
5,777-888-9999,sophiagarcia@example.com
6,111-222-3334,williambrown@example.com
7,444-555-6667,oliviarodriguez@example.com
8,777-888-9998,liammartinez@example.com
9,111-222-3335,emmalee@example.com
10,444-555-6668,noahnguyen@example.com
11,123-456-7891,avahernandez@example.com
12,987-654-3211,ethanking@example.com
13,111-222-3336,isabellataylor@example.com
14,444-555-6669,masonmoore@example.com
15,777-888-9990,sophiewilson@example.com
16,111-222-3337,jacobwhite@example.com
17,444-555-6670,miaanderson@example.com
18,777-888-9991,jamesgarcia@example.com
19,111-222-3338,charlottesmith@example.com
20,444-555-6671,benjaminjohnson@example.com
21,123-456-7892,lucaswilliams@example.com
22,987-654-3212,ameliabrown@example.com
23,111-222-3339,harperrodriguez@example.com
24,444-555-6672,masonmartinez@example.com
25,777-888-9992,michaellee@example.com
26,111-222-3340,evelynnguyen@example.com
27,444-555-6673,alexanderhernandez@example.com
28,777-888-9993,averyking@example.com
29,111-222-3341,lunataylor@example.com
30,444-555-6674,loganmoore@example.com
31,777-888-9994,elliewilson@example.com
32,111-222-3342,owenwhite@example.com
33,444-555-6675,rileyanderson@example.com
34,777-888-9995,levigarcia@example.com
35,111-222-3343,zoeysmith@example.com
36,444-555-6676,lincolnjohnson@example.com
37,777-888-9996,gracewilliams@example.com
38,111-222-3344,aubreybrown@example.com
39,444-555-6677,leorodriguez@example.com
40,777-888-9997,lillianmartinez@example.com
41,111-222-3345,hudsonlee@example.com
42,444-555-6678,noranguyen@example.com
43,777-888-9998,laylahernandez@example.com
44,111-222-3346,lucyking@example.com
45,444-555-6679,elitaylor@example.com
46,777-888-9999,aaronmoore@example.com
47,111-222-3350,victoriawilson@example.com
48,444-555-6680,carolinewhite@example.com
49,777-888-9991,gabrielanderson@example.com
50,111-222-3351,graysongarcia@example.com
51,444-555-6682,stellasmith@example.com
52,777-888-9993,parkerjohnson@example.com
53,111-222-3353,audreywilliams@example.com
54,444-555-6684,sawyerbrown@example.com
55,777-888-9995,eleanorrodriguez@example.com
56,111-222-3355,christianmartinez@example.com
57,444-555-6686,lucaslee@example.com
58,777-888-9997,ariananguyen@example.com
59,111-222-3357,liamhernandez@example.com
60,444-555-6688,milaking@example.com
61,777-888-9999,chloetaylor@example.com
62,111-222-3359,isaacmoore@example.com
63,444-555-6690,zoeewilson@example.com
64,777-888-9992,alyssawhite@example.com
65,111-222-3361,leahanderson@example.com
66,444-555-6692,gabriellagarcia@example.com
67,777-888-9994,tristansmith@example.com
68,111-222-3363,adelinejohnson@example.com
69,444-555-6694,nathanwilliams@example.com
70,777-888-9996,hannahrodriguez@example.com
71,111-222-3365,ashermartinez@example.com
72,444-555-6696,haileylee@example.com
73,777-888-9998,isabellenguyen@example.com
74,111-222-3367,zanderhernandez@example.com
75,444-555-6698,savannahking@example.com
76,777-888-9990,kyliewilson@example.com
77,111-222-3369,elianamoore@example.com
78,444-555-6600,xavierwilson@example.com
79,777-888-9911,kaylawhite@example.com
80,111-222-3371,jaxanderson@example.com
81,444-555-6602,delilahgarcia@example.com
82,777-888-9922,jonahsmith@example.com
83,111-222-3373,emeryjohnson@example.com
84,444-555-6604,katherinewilliams@example.com
85,777-888-9933,cameronrodriguez@example.com
86,111-222-3375,autumnmartinez@example.com
87,444-555-6606,baileylee@example.com
88,777-888-9944,israelnguyen@example.com
89,111-222-3377,lincolnhernandez@example.com
90,444-555-6608,kateking@example.com
91,777-888-9955,naomitaylor@example.com
92,111-222-3379,peytonmoore@example.com
93,444-555-6610,serenitywilson@example.com
94,777-888-9966,ezrawhite@example.com
95,111-222-3381,josephanderson@example.com
96,444-555-6612,ariannagarcia@example.com
97,777-888-9977,pipersmith@example.com
98,111-222-3383,kadenjohnson@example.com
99,444-555-6614,myawilliams@example.com
100,777-888-9988,austinrodriguez@example.com
